{"CIDEr": 0.3054553708206671, "Bleu_4": 0.00965895568068763, "Bleu_3": 0.012238347962111084, "Bleu_2": 0.016085004322098202, "Bleu_1": 0.022778754600786866, "ROUGE_L": 0.23877450632889038, "METEOR": 0.0579167299711505}