{"CIDEr": 1.0323119231574758, "Bleu_4": 0.01596608788907268, "Bleu_3": 0.01759836897904553, "Bleu_2": 0.01996360793445216, "Bleu_1": 0.023919934782507948, "ROUGE_L": 0.334258213050739, "METEOR": 0.08004216582589815}