{
    "CIDEr": 0.04013266151405378,
    "Bleu_4": 0.00013426562438316716,
    "Bleu_3": 0.000350191099683644,
    "Bleu_2": 0.0007837948237732875,
    "Bleu_1": 0.0021831875076803605,
    "ROUGE_L": 0.09669065962019097,
    "METEOR": 0.01759670355095559
}