{"CIDEr": 0.0246083656015409, "Bleu_4": 8.635364014144421e-05, "Bleu_3": 0.00022467753590295594, "Bleu_2": 0.0004890160919136101, "Bleu_1": 0.0013576097024463594, "ROUGE_L": 0.0869907067044517, "METEOR": 0.016087522996169615}